transaction_id,fraud_score,is_fraud,fraud_reason,model_version,flagged_timestamp
TXN0002697,0.126,0,,fraud-model-v2.3,2025-03-29 01:06:32
TXN0001707,0.042,0,,fraud-model-v2.3,2025-01-30 05:23:52
TXN0000644,0.124,0,,fraud-model-v2.3,2025-05-22 20:23:30
TXN0005948,0.151,0,,fraud-model-v2.3,2025-05-22 16:13:50
TXN0011385,0.14,0,,fraud-model-v2.3,2025-01-01 12:02:42
TXN0004198,0.119,0,,fraud-model-v2.3,2025-05-08 08:38:17
TXN0001096,0.179,0,,fraud-model-v2.3,2025-05-05 14:50:33
TXN0000920,0.056,0,,fraud-model-v2.3,2025-02-15 14:36:57
TXN0007955,0.011,0,,fraud-model-v2.3,2025-01-11 05:25:06
TXN0000513,0.066,0,,fraud-model-v2.3,2025-01-28 19:30:37
TXN0011574,0.135,0,,fraud-model-v2.3,2025-02-15 12:42:16
TXN0008198,0.035,0,,fraud-model-v2.3,2025-04-13 01:08:44
TXN0010183,0.129,0,,fraud-model-v2.3,2025-02-01 00:53:30
TXN0006457,0.105,0,,fraud-model-v2.3,2025-05-04 18:37:52
TXN0011004,0.083,0,,fraud-model-v2.3,2025-05-04 19:54:12
TXN0009252,0.133,0,,fraud-model-v2.3,2025-04-01 15:48:14
TXN0002962,0.078,0,,fraud-model-v2.3,2025-05-24 11:57:09
TXN0009180,0.143,0,,fraud-model-v2.3,2025-03-24 04:06:09
TXN0009688,0.098,0,,fraud-model-v2.3,2025-05-12 21:42:42
TXN0004864,0.113,0,,fraud-model-v2.3,2025-06-11 18:32:44
TXN0004965,0.126,0,,fraud-model-v2.3,2025-02-04 10:00:35
TXN0011265,0.103,0,,fraud-model-v2.3,2025-02-19 10:24:51
TXN0006747,0.105,0,,fraud-model-v2.3,2025-03-14 07:30:13
TXN0003942,0.026,0,,fraud-model-v2.3,2025-03-19 10:01:14
TXN0002280,0.277,0,,fraud-model-v2.3,2025-04-05 03:13:47
TXN0006061,0.094,0,,fraud-model-v2.3,2025-03-17 00:13:57
TXN0010471,0.057,0,,fraud-model-v2.3,2025-03-12 13:59:22
TXN0002085,0.009,0,,fraud-model-v2.3,2025-02-17 19:14:05
TXN0003124,0.069,0,,fraud-model-v2.3,2025-01-20 23:10:23
TXN0000727,0.088,0,,fraud-model-v2.3,2025-03-17 08:25:09
TXN0002171,0.013,0,,fraud-model-v2.3,2025-04-18 10:21:33
TXN0002073,0.028,0,,fraud-model-v2.3,2025-01-08 22:10:33
TXN0002778,0.053,0,,fraud-model-v2.3,2025-01-05 23:42:38
TXN0003232,0.114,0,,fraud-model-v2.3,2025-03-07 19:59:39
TXN0007153,0.068,0,,fraud-model-v2.3,2025-06-04 19:56:42
TXN0007853,0.054,0,,fraud-model-v2.3,2025-03-25 21:15:54
TXN0011696,0.033,0,,fraud-model-v2.3,2025-03-20 04:42:13
TXN0011300,0.043,0,,fraud-model-v2.3,2025-03-16 10:00:21
TXN0007917,0.027,0,,fraud-model-v2.3,2025-01-22 18:36:06
TXN0011420,0.114,0,,fraud-model-v2.3,2025-02-03 09:02:32
TXN0001621,0.076,0,,fraud-model-v2.3,2025-05-11 03:08:37
TXN0007588,0.102,0,,fraud-model-v2.3,2025-06-25 10:42:01
TXN0007413,0.036,0,,fraud-model-v2.3,2025-05-08 13:09:08
TXN0011864,0.023,0,,fraud-model-v2.3,2025-03-02 23:48:51
TXN0007658,0.042,0,,fraud-model-v2.3,2025-04-07 11:27:25
TXN0009923,0.113,0,,fraud-model-v2.3,2025-01-19 21:41:22
TXN0011504,0.1,0,,fraud-model-v2.3,2025-01-14 03:24:40
TXN0001795,0.092,0,,fraud-model-v2.3,2025-03-04 01:53:54
TXN0009398,0.238,0,,fraud-model-v2.3,2025-05-10 03:06:43
TXN0006815,0.111,0,,fraud-model-v2.3,2025-01-10 03:44:00
TXN0000171,0.066,0,,fraud-model-v2.3,2025-05-07 05:20:36
TXN0001393,0.21,0,,fraud-model-v2.3,2025-01-19 21:19:35
TXN0010562,0.143,0,,fraud-model-v2.3,2025-04-08 16:13:37
TXN0009785,0.055,0,,fraud-model-v2.3,2025-06-11 19:08:56
TXN0003954,0.181,0,,fraud-model-v2.3,2025-04-11 17:05:16
TXN0003910,0.025,0,,fraud-model-v2.3,2025-06-19 08:22:52
TXN0003898,0.077,0,,fraud-model-v2.3,2025-05-25 12:35:40
TXN0010105,0.039,0,,fraud-model-v2.3,2025-06-16 10:03:47
TXN0005979,0.217,0,,fraud-model-v2.3,2025-05-03 15:40:05
TXN0011644,0.046,0,,fraud-model-v2.3,2025-06-21 05:48:38
TXN0011863,0.033,0,,fraud-model-v2.3,2025-04-20 23:37:42
TXN0002439,0.136,0,,fraud-model-v2.3,2025-01-13 18:40:14
TXN0002475,0.044,0,,fraud-model-v2.3,2025-04-04 08:30:47
TXN0004571,0.112,0,,fraud-model-v2.3,2025-03-05 16:23:12
TXN0007762,0.095,0,,fraud-model-v2.3,2025-06-03 14:51:26
TXN0011346,0.101,0,,fraud-model-v2.3,2025-01-15 16:11:18
TXN0000442,0.028,0,,fraud-model-v2.3,2025-02-06 11:51:54
TXN0000344,0.009,0,,fraud-model-v2.3,2025-05-18 07:43:41
TXN0010753,0.161,0,,fraud-model-v2.3,2025-05-23 17:17:08
TXN0011026,0.06,0,,fraud-model-v2.3,2025-04-25 02:34:40
TXN0000563,0.049,0,,fraud-model-v2.3,2025-05-10 21:55:00
TXN0011194,0.106,0,,fraud-model-v2.3,2025-03-19 12:08:37
TXN0003044,0.179,0,,fraud-model-v2.3,2025-06-22 06:37:52
TXN0009050,0.065,0,,fraud-model-v2.3,2025-04-09 19:36:17
TXN0004794,0.053,0,,fraud-model-v2.3,2025-04-07 15:18:08
TXN0009700,0.11,0,,fraud-model-v2.3,2025-05-02 09:11:49
TXN0006070,0.019,0,,fraud-model-v2.3,2025-05-06 02:00:25
TXN0004465,0.033,0,,fraud-model-v2.3,2025-03-04 09:14:21
TXN0007103,0.029,0,,fraud-model-v2.3,2025-01-07 11:03:15
TXN0011047,0.188,0,,fraud-model-v2.3,2025-04-27 01:11:44
TXN0011489,0.082,0,,fraud-model-v2.3,2025-05-11 19:19:01
TXN0011701,0.175,0,,fraud-model-v2.3,2025-03-25 22:48:35
TXN0004651,0.048,0,,fraud-model-v2.3,2025-06-25 16:24:15
TXN0010343,0.152,0,,fraud-model-v2.3,2025-06-20 16:55:59
TXN0008167,0.155,0,,fraud-model-v2.3,2025-02-05 03:58:55
TXN0002698,0.278,0,,fraud-model-v2.3,2025-02-22 18:58:36
TXN0008626,0.19,0,,fraud-model-v2.3,2025-04-07 09:29:11
TXN0002120,0.069,0,,fraud-model-v2.3,2025-02-28 07:58:22
TXN0008202,0.042,0,,fraud-model-v2.3,2025-04-22 01:13:34
TXN0007797,0.008,0,,fraud-model-v2.3,2025-05-29 08:32:55
TXN0006410,0.13,0,,fraud-model-v2.3,2025-02-04 02:08:57
TXN0010051,0.15,0,,fraud-model-v2.3,2025-01-06 14:49:26
TXN0004123,0.204,0,,fraud-model-v2.3,2025-06-21 13:44:27
TXN0007174,0.078,0,,fraud-model-v2.3,2025-05-26 13:34:01
TXN0004601,0.048,0,,fraud-model-v2.3,2025-04-13 01:24:32
TXN0009664,0.17,0,,fraud-model-v2.3,2025-01-19 14:41:39
TXN0007840,0.282,0,,fraud-model-v2.3,2025-06-18 01:31:17
TXN0005833,0.107,0,,fraud-model-v2.3,2025-01-09 21:31:49
TXN0009566,0.076,0,,fraud-model-v2.3,2025-04-25 20:35:23
TXN0006796,0.115,0,,fraud-model-v2.3,2025-04-23 04:59:15
TXN0000378,0.122,0,,fraud-model-v2.3,2025-05-07 22:11:55
TXN0003794,0.176,0,,fraud-model-v2.3,2025-05-19 18:06:56
TXN0003057,0.053,0,,fraud-model-v2.3,2025-06-26 20:56:04
TXN0006715,0.019,0,,fraud-model-v2.3,2025-04-22 07:28:24
TXN0001252,0.074,0,,fraud-model-v2.3,2025-03-30 17:19:22
TXN0000124,0.029,0,,fraud-model-v2.3,2025-06-16 14:40:10
TXN0001684,0.039,0,,fraud-model-v2.3,2025-03-16 08:45:23
TXN0007911,0.057,0,,fraud-model-v2.3,2025-02-20 03:56:08
TXN0008247,0.058,0,,fraud-model-v2.3,2025-04-12 15:10:55
TXN0003425,0.078,0,,fraud-model-v2.3,2025-04-27 18:55:52
TXN0010737,0.062,0,,fraud-model-v2.3,2025-05-16 02:32:23
TXN0005077,0.072,0,,fraud-model-v2.3,2025-06-01 18:33:44
TXN0005080,0.135,0,,fraud-model-v2.3,2025-04-05 20:59:46
TXN0001506,0.191,0,,fraud-model-v2.3,2025-01-03 07:21:22
TXN0004406,0.203,0,,fraud-model-v2.3,2025-01-22 15:33:08
TXN0001316,0.121,0,,fraud-model-v2.3,2025-04-13 00:32:16
TXN0011474,0.059,0,,fraud-model-v2.3,2025-01-23 14:07:30
TXN0008504,0.104,0,,fraud-model-v2.3,2025-06-12 07:37:15
TXN0001849,0.014,0,,fraud-model-v2.3,2025-02-05 02:49:53
TXN0003442,0.085,0,,fraud-model-v2.3,2025-01-21 09:58:27
TXN0007698,0.144,0,,fraud-model-v2.3,2025-03-05 10:37:22
TXN0005411,0.039,0,,fraud-model-v2.3,2025-05-26 23:20:42
TXN0000023,0.065,0,,fraud-model-v2.3,2025-06-08 13:09:52
TXN0001799,0.279,0,,fraud-model-v2.3,2025-04-13 20:13:37
TXN0002350,0.094,0,,fraud-model-v2.3,2025-04-18 14:13:12
TXN0000224,0.115,0,,fraud-model-v2.3,2025-06-23 15:40:27
TXN0004896,0.198,0,,fraud-model-v2.3,2025-04-21 23:24:52
TXN0008171,0.12,0,,fraud-model-v2.3,2025-05-25 01:36:37
TXN0002507,0.13,0,,fraud-model-v2.3,2025-02-10 15:11:31
TXN0001565,0.105,0,,fraud-model-v2.3,2025-05-16 03:04:08
TXN0007751,0.015,0,,fraud-model-v2.3,2025-06-21 06:31:16
TXN0011318,0.093,0,,fraud-model-v2.3,2025-02-22 10:43:48
TXN0004194,0.081,0,,fraud-model-v2.3,2025-02-04 20:37:53
TXN0001002,0.142,0,,fraud-model-v2.3,2025-05-03 12:58:38
TXN0009431,0.053,0,,fraud-model-v2.3,2025-04-26 06:56:22
TXN0006633,0.105,0,,fraud-model-v2.3,2025-05-09 10:45:13
TXN0003290,0.102,0,,fraud-model-v2.3,2025-05-16 06:50:26
TXN0011558,0.025,0,,fraud-model-v2.3,2025-06-25 03:29:29
TXN0008152,0.095,0,,fraud-model-v2.3,2025-05-08 04:55:48
TXN0007036,0.021,0,,fraud-model-v2.3,2025-03-26 13:17:05
TXN0008336,0.11,0,,fraud-model-v2.3,2025-04-17 08:24:19
TXN0008426,0.126,0,,fraud-model-v2.3,2025-01-18 08:52:19
TXN0006164,0.023,0,,fraud-model-v2.3,2025-05-04 19:02:21
TXN0010555,0.069,0,,fraud-model-v2.3,2025-05-31 16:59:29
TXN0005607,0.067,0,,fraud-model-v2.3,2025-05-07 21:33:21
TXN0002141,0.044,0,,fraud-model-v2.3,2025-06-19 06:05:09
TXN0006041,0.227,0,,fraud-model-v2.3,2025-02-11 20:46:21
TXN0009886,0.061,0,,fraud-model-v2.3,2025-03-05 10:44:50
TXN0005248,0.068,0,,fraud-model-v2.3,2025-05-20 01:46:40
TXN0007129,0.115,0,,fraud-model-v2.3,2025-05-09 10:48:11
TXN0010282,0.153,0,,fraud-model-v2.3,2025-02-26 08:01:58
TXN0011073,0.087,0,,fraud-model-v2.3,2025-01-10 13:05:23
TXN0004361,0.088,0,,fraud-model-v2.3,2025-06-24 04:58:10
TXN0010981,0.06,0,,fraud-model-v2.3,2025-06-20 00:57:24
TXN0005018,0.074,0,,fraud-model-v2.3,2025-02-06 18:27:16
TXN0000959,0.035,0,,fraud-model-v2.3,2025-01-10 06:23:37
TXN0011195,0.12,0,,fraud-model-v2.3,2025-01-21 06:12:15
TXN0010742,0.048,0,,fraud-model-v2.3,2025-05-17 10:29:25
TXN0011923,0.089,0,,fraud-model-v2.3,2025-01-21 03:03:08
TXN0004798,0.099,0,,fraud-model-v2.3,2025-05-10 20:26:49
TXN0005888,0.15,0,,fraud-model-v2.3,2025-04-29 15:16:36
TXN0002292,0.098,0,,fraud-model-v2.3,2025-06-03 15:18:14
TXN0011169,0.086,0,,fraud-model-v2.3,2025-01-14 23:19:02
TXN0005105,0.075,0,,fraud-model-v2.3,2025-01-06 14:23:25
TXN0011115,0.106,0,,fraud-model-v2.3,2025-05-27 08:21:38
TXN0007406,0.106,0,,fraud-model-v2.3,2025-03-01 04:55:29
TXN0011356,0.087,0,,fraud-model-v2.3,2025-02-05 02:57:15
TXN0004437,0.061,0,,fraud-model-v2.3,2025-02-27 05:55:33
TXN0001779,0.037,0,,fraud-model-v2.3,2025-01-09 04:52:26
TXN0008692,0.065,0,,fraud-model-v2.3,2025-05-24 03:15:02
TXN0011477,0.013,0,,fraud-model-v2.3,2025-05-21 20:25:55
TXN0001241,0.108,0,,fraud-model-v2.3,2025-02-01 19:21:12
TXN0007481,0.035,0,,fraud-model-v2.3,2025-04-21 13:12:26
TXN0005546,0.041,0,,fraud-model-v2.3,2025-06-16 18:31:58
TXN0011947,0.094,0,,fraud-model-v2.3,2025-04-30 02:52:53
TXN0009128,0.048,0,,fraud-model-v2.3,2025-02-15 22:11:50
TXN0007663,0.309,0,,fraud-model-v2.3,2025-06-04 08:01:31
TXN0009809,0.181,0,,fraud-model-v2.3,2025-03-03 23:50:36
TXN0009729,0.104,0,,fraud-model-v2.3,2025-05-05 11:06:04
TXN0001275,0.084,0,,fraud-model-v2.3,2025-04-12 17:11:45
TXN0008329,0.031,0,,fraud-model-v2.3,2025-03-12 05:16:28
TXN0005547,0.034,0,,fraud-model-v2.3,2025-05-22 05:14:25
TXN0008444,0.106,0,,fraud-model-v2.3,2025-03-15 05:12:53
TXN0004509,0.075,0,,fraud-model-v2.3,2025-02-08 13:46:46
TXN0006409,0.083,0,,fraud-model-v2.3,2025-01-24 11:35:17
TXN0004868,0.033,0,,fraud-model-v2.3,2025-03-27 20:01:55
TXN0009632,0.212,0,,fraud-model-v2.3,2025-02-17 08:31:28
TXN0008650,0.106,0,,fraud-model-v2.3,2025-06-19 19:46:59
TXN0003130,0.28,0,,fraud-model-v2.3,2025-05-14 08:37:10
TXN0010853,0.156,0,,fraud-model-v2.3,2025-05-22 08:40:14
TXN0002694,0.026,0,,fraud-model-v2.3,2025-03-02 11:32:07
TXN0001698,0.225,0,,fraud-model-v2.3,2025-06-11 02:02:52
TXN0009012,0.05,0,,fraud-model-v2.3,2025-05-19 00:43:46
TXN0010681,0.038,0,,fraud-model-v2.3,2025-02-11 00:34:12
TXN0007749,0.071,0,,fraud-model-v2.3,2025-02-17 09:27:57
TXN0006848,0.023,0,,fraud-model-v2.3,2025-06-13 14:40:10
TXN0008348,0.084,0,,fraud-model-v2.3,2025-02-18 08:52:08
TXN0011432,0.008,0,,fraud-model-v2.3,2025-06-21 22:14:38
TXN0008870,0.022,0,,fraud-model-v2.3,2025-06-09 03:17:59
TXN0007417,0.141,0,,fraud-model-v2.3,2025-04-21 10:17:52
TXN0004634,0.033,0,,fraud-model-v2.3,2025-02-15 02:06:56
TXN0011709,0.046,0,,fraud-model-v2.3,2025-01-25 06:17:29
TXN0000470,0.092,0,,fraud-model-v2.3,2025-02-13 10:52:16
TXN0005450,0.067,0,,fraud-model-v2.3,2025-03-26 22:20:13
TXN0006017,0.029,0,,fraud-model-v2.3,2025-03-17 14:31:19
TXN0005822,0.107,0,,fraud-model-v2.3,2025-04-13 14:15:00
TXN0008249,0.042,0,,fraud-model-v2.3,2025-05-06 09:28:27
TXN0006935,0.069,0,,fraud-model-v2.3,2025-06-02 09:57:28
TXN0011544,0.09,0,,fraud-model-v2.3,2025-06-02 02:30:41
TXN0003850,0.116,0,,fraud-model-v2.3,2025-06-11 22:06:35
TXN0009504,0.035,0,,fraud-model-v2.3,2025-01-15 19:53:06
TXN0011319,0.076,0,,fraud-model-v2.3,2025-02-11 11:38:52
TXN0010511,0.096,0,,fraud-model-v2.3,2025-01-08 11:22:12
TXN0007726,0.11,0,,fraud-model-v2.3,2025-04-22 17:27:40
TXN0009837,0.108,0,,fraud-model-v2.3,2025-01-24 02:28:39
TXN0002725,0.203,0,,fraud-model-v2.3,2025-02-17 01:31:29
TXN0007859,0.117,0,,fraud-model-v2.3,2025-01-07 01:37:23
TXN0004638,0.056,0,,fraud-model-v2.3,2025-06-19 22:55:44
TXN0006048,0.111,0,,fraud-model-v2.3,2025-03-21 01:57:41
TXN0003146,0.246,0,,fraud-model-v2.3,2025-03-28 17:47:03
TXN0010546,0.138,0,,fraud-model-v2.3,2025-01-23 02:53:29
TXN0008950,0.2,0,,fraud-model-v2.3,2025-03-21 04:17:59
TXN0008371,0.135,0,,fraud-model-v2.3,2025-01-21 09:32:56
TXN0008752,0.011,0,,fraud-model-v2.3,2025-06-03 09:55:39
TXN0005918,0.042,0,,fraud-model-v2.3,2025-01-06 07:22:05
TXN0003638,0.064,0,,fraud-model-v2.3,2025-02-24 01:13:32
TXN0008877,0.052,0,,fraud-model-v2.3,2025-06-02 00:11:25
TXN0002003,0.047,0,,fraud-model-v2.3,2025-05-20 07:18:58
TXN0002657,0.106,0,,fraud-model-v2.3,2025-01-20 18:30:06
TXN0008639,0.057,0,,fraud-model-v2.3,2025-03-19 19:49:04
TXN0010305,0.17,0,,fraud-model-v2.3,2025-01-09 17:06:10
TXN0001361,0.208,0,,fraud-model-v2.3,2025-06-29 08:32:07
TXN0011206,0.108,0,,fraud-model-v2.3,2025-05-02 04:17:54
TXN0002330,0.164,0,,fraud-model-v2.3,2025-03-03 15:07:36
TXN0001214,0.021,0,,fraud-model-v2.3,2025-03-23 00:59:00
TXN0004624,0.034,0,,fraud-model-v2.3,2025-02-18 06:27:45
TXN0005541,0.139,0,,fraud-model-v2.3,2025-01-09 03:16:10
TXN0001486,0.099,0,,fraud-model-v2.3,2025-01-03 18:11:56
TXN0005019,0.136,0,,fraud-model-v2.3,2025-05-28 21:41:32
TXN0005986,0.064,0,,fraud-model-v2.3,2025-03-15 06:13:04
TXN0007159,0.019,0,,fraud-model-v2.3,2025-01-23 05:47:35
TXN0003017,0.152,0,,fraud-model-v2.3,2025-02-06 15:19:51
TXN0008145,0.04,0,,fraud-model-v2.3,2025-02-11 23:30:34
TXN0004871,0.064,0,,fraud-model-v2.3,2025-01-09 11:58:12
TXN0002525,0.016,0,,fraud-model-v2.3,2025-02-14 16:47:17
TXN0010338,0.106,0,,fraud-model-v2.3,2025-05-08 19:27:29
TXN0007612,0.077,0,,fraud-model-v2.3,2025-02-04 22:19:57
TXN0006751,0.084,0,,fraud-model-v2.3,2025-02-28 00:08:15
TXN0000958,0.112,0,,fraud-model-v2.3,2025-02-18 17:38:30
TXN0002915,0.009,0,,fraud-model-v2.3,2025-02-09 13:41:10
TXN0000885,0.068,0,,fraud-model-v2.3,2025-04-30 10:59:40
TXN0010283,0.076,0,,fraud-model-v2.3,2025-06-07 10:48:31
TXN0002550,0.117,0,,fraud-model-v2.3,2025-02-14 01:33:54
TXN0008040,0.18,0,,fraud-model-v2.3,2025-03-09 07:51:27
TXN0008372,0.108,0,,fraud-model-v2.3,2025-04-17 22:45:13
TXN0001981,0.045,0,,fraud-model-v2.3,2025-04-06 05:14:53
TXN0000554,0.125,0,,fraud-model-v2.3,2025-05-20 13:41:38
TXN0008628,0.059,0,,fraud-model-v2.3,2025-03-02 00:00:25
TXN0002491,0.108,0,,fraud-model-v2.3,2025-03-15 13:56:19
TXN0006470,0.042,0,,fraud-model-v2.3,2025-02-08 14:41:54
TXN0004522,0.051,0,,fraud-model-v2.3,2025-03-19 17:37:49
TXN0011464,0.061,0,,fraud-model-v2.3,2025-03-17 07:10:35
TXN0011001,0.041,0,,fraud-model-v2.3,2025-05-30 23:52:25
TXN0010087,0.034,0,,fraud-model-v2.3,2025-01-02 03:07:42
TXN0011222,0.127,0,,fraud-model-v2.3,2025-02-21 20:17:50
TXN0003778,0.062,0,,fraud-model-v2.3,2025-03-28 04:18:59
TXN0000760,0.112,0,,fraud-model-v2.3,2025-03-03 17:03:25
TXN0002964,0.057,0,,fraud-model-v2.3,2025-04-28 22:34:07
TXN0011955,0.153,0,,fraud-model-v2.3,2025-03-10 01:56:06
TXN0004410,0.155,0,,fraud-model-v2.3,2025-01-13 17:35:19
TXN0001789,0.233,0,,fraud-model-v2.3,2025-04-23 20:02:14
TXN0004118,0.066,0,,fraud-model-v2.3,2025-05-26 03:11:02
TXN0004660,0.05,0,,fraud-model-v2.3,2025-04-28 19:08:01
TXN0000789,0.062,0,,fraud-model-v2.3,2025-03-11 16:06:41
TXN0008381,0.123,0,,fraud-model-v2.3,2025-06-21 16:14:42
TXN0002870,0.012,0,,fraud-model-v2.3,2025-03-13 07:52:58
TXN0007641,0.041,0,,fraud-model-v2.3,2025-02-04 04:58:33
TXN0004556,0.122,0,,fraud-model-v2.3,2025-03-02 11:23:45
TXN0000339,0.323,0,,fraud-model-v2.3,2025-04-24 19:04:04
TXN0009090,0.056,0,,fraud-model-v2.3,2025-05-12 22:44:15
TXN0001648,0.076,0,,fraud-model-v2.3,2025-04-23 06:18:42
TXN0011976,0.075,0,,fraud-model-v2.3,2025-04-05 10:16:52
TXN0000632,0.102,0,,fraud-model-v2.3,2025-02-11 20:47:04
TXN0010003,0.054,0,,fraud-model-v2.3,2025-03-14 13:26:33
TXN0002889,0.105,0,,fraud-model-v2.3,2025-01-02 00:53:40
TXN0005133,0.097,0,,fraud-model-v2.3,2025-06-09 18:48:27
TXN0008897,0.054,0,,fraud-model-v2.3,2025-03-30 05:02:45
TXN0002404,0.078,0,,fraud-model-v2.3,2025-02-20 10:00:01
TXN0010874,0.067,0,,fraud-model-v2.3,2025-05-27 17:13:05
TXN0000186,0.042,0,,fraud-model-v2.3,2025-06-02 04:48:54
TXN0000138,0.027,0,,fraud-model-v2.3,2025-01-01 11:33:13
TXN0006276,0.103,0,,fraud-model-v2.3,2025-05-09 20:27:56
TXN0005150,0.099,0,,fraud-model-v2.3,2025-06-24 11:41:50
TXN0011182,0.086,0,,fraud-model-v2.3,2025-01-29 01:48:29
TXN0010202,0.229,0,,fraud-model-v2.3,2025-01-01 20:07:06
TXN0011386,0.203,0,,fraud-model-v2.3,2025-05-08 00:53:26
TXN0005828,0.041,0,,fraud-model-v2.3,2025-04-24 19:56:03
TXN0009718,0.025,0,,fraud-model-v2.3,2025-05-31 23:13:36
TXN0010287,0.034,0,,fraud-model-v2.3,2025-06-03 09:19:19
TXN0007322,0.219,0,,fraud-model-v2.3,2025-06-04 20:44:30
TXN0006585,0.106,0,,fraud-model-v2.3,2025-03-06 03:30:57
TXN0005563,0.074,0,,fraud-model-v2.3,2025-04-25 21:31:09
TXN0008010,0.167,0,,fraud-model-v2.3,2025-01-24 15:55:32
TXN0006170,0.022,0,,fraud-model-v2.3,2025-05-29 03:41:50
TXN0010552,0.047,0,,fraud-model-v2.3,2025-03-14 11:04:00
TXN0004718,0.116,0,,fraud-model-v2.3,2025-03-22 11:52:47
TXN0002118,0.029,0,,fraud-model-v2.3,2025-01-17 07:24:20
TXN0000825,0.048,0,,fraud-model-v2.3,2025-02-03 02:56:25
TXN0006452,0.148,0,,fraud-model-v2.3,2025-04-11 17:02:22
TXN0011120,0.063,0,,fraud-model-v2.3,2025-05-22 17:25:27
TXN0001965,0.062,0,,fraud-model-v2.3,2025-04-27 19:42:45
TXN0008728,0.072,0,,fraud-model-v2.3,2025-06-11 08:33:57
TXN0002288,0.182,0,,fraud-model-v2.3,2025-04-22 00:41:08
TXN0000163,0.022,0,,fraud-model-v2.3,2025-06-17 01:32:20
TXN0008354,0.147,0,,fraud-model-v2.3,2025-04-24 22:11:29
TXN0007252,0.055,0,,fraud-model-v2.3,2025-05-08 02:26:59
TXN0006013,0.048,0,,fraud-model-v2.3,2025-02-13 19:58:08
TXN0007272,0.027,0,,fraud-model-v2.3,2025-01-16 01:24:37
TXN0011780,0.023,0,,fraud-model-v2.3,2025-03-01 10:24:41
TXN0011123,0.113,0,,fraud-model-v2.3,2025-02-20 09:55:52
TXN0002614,0.032,0,,fraud-model-v2.3,2025-02-10 06:29:07
TXN0005739,0.036,0,,fraud-model-v2.3,2025-02-14 23:01:56
TXN0002576,0.115,0,,fraud-model-v2.3,2025-04-18 08:46:28
TXN0003119,0.03,0,,fraud-model-v2.3,2025-06-08 08:22:30
TXN0008262,0.18,0,,fraud-model-v2.3,2025-01-12 08:58:14
TXN0005788,0.148,0,,fraud-model-v2.3,2025-03-21 20:03:40
TXN0004441,0.016,0,,fraud-model-v2.3,2025-04-30 22:01:52
TXN0009321,0.031,0,,fraud-model-v2.3,2025-03-19 19:56:56
TXN0004521,0.045,0,,fraud-model-v2.3,2025-01-04 03:19:26
TXN0004788,0.066,0,,fraud-model-v2.3,2025-01-06 21:28:46
TXN0002519,0.267,0,,fraud-model-v2.3,2025-06-17 14:41:27
TXN0002873,0.064,0,,fraud-model-v2.3,2025-02-13 16:16:51
TXN0002866,0.194,0,,fraud-model-v2.3,2025-05-07 18:15:57
TXN0003310,0.23,0,,fraud-model-v2.3,2025-01-04 03:30:44
TXN0010982,0.008,0,,fraud-model-v2.3,2025-01-07 06:13:57
TXN0003795,0.051,0,,fraud-model-v2.3,2025-01-04 03:06:59
TXN0001457,0.126,0,,fraud-model-v2.3,2025-02-06 01:53:17
TXN0004616,0.062,0,,fraud-model-v2.3,2025-01-01 01:41:27
TXN0002938,0.048,0,,fraud-model-v2.3,2025-04-03 14:24:02
TXN0000305,0.147,0,,fraud-model-v2.3,2025-02-18 09:09:59
TXN0011526,0.089,0,,fraud-model-v2.3,2025-06-08 03:21:44
TXN0009662,0.033,0,,fraud-model-v2.3,2025-05-12 03:04:09
TXN0006927,0.046,0,,fraud-model-v2.3,2025-05-30 23:47:09
TXN0005144,0.039,0,,fraud-model-v2.3,2025-01-05 13:35:31
TXN0009040,0.145,0,,fraud-model-v2.3,2025-06-02 17:04:31
TXN0007690,0.078,0,,fraud-model-v2.3,2025-01-19 07:47:19
TXN0001262,0.072,0,,fraud-model-v2.3,2025-04-11 09:19:35
TXN0002897,0.118,0,,fraud-model-v2.3,2025-02-18 05:24:47
TXN0003213,0.13,0,,fraud-model-v2.3,2025-04-21 16:58:28
TXN0004260,0.262,0,,fraud-model-v2.3,2025-06-09 17:48:28
TXN0002588,0.132,0,,fraud-model-v2.3,2025-03-25 22:12:08
TXN0005816,0.168,0,,fraud-model-v2.3,2025-06-21 19:34:49
TXN0006814,0.179,0,,fraud-model-v2.3,2025-06-04 17:56:40
TXN0008838,0.051,0,,fraud-model-v2.3,2025-06-14 16:44:00
TXN0005944,0.072,0,,fraud-model-v2.3,2025-04-10 08:39:45
TXN0004516,0.027,0,,fraud-model-v2.3,2025-05-26 13:48:33
TXN0005524,0.13,0,,fraud-model-v2.3,2025-02-22 08:31:49
TXN0008086,0.208,0,,fraud-model-v2.3,2025-05-28 13:54:19
TXN0001833,0.074,0,,fraud-model-v2.3,2025-06-24 23:48:16
TXN0000045,0.059,0,,fraud-model-v2.3,2025-05-27 03:46:47
TXN0010802,0.003,0,,fraud-model-v2.3,2025-02-27 02:26:30
TXN0009266,0.132,0,,fraud-model-v2.3,2025-06-24 08:06:23
TXN0008531,0.074,0,,fraud-model-v2.3,2025-01-21 01:25:44
TXN0005323,0.107,0,,fraud-model-v2.3,2025-01-03 04:10:32
TXN0011659,0.038,0,,fraud-model-v2.3,2025-06-17 19:14:38
TXN0010307,0.101,0,,fraud-model-v2.3,2025-01-13 12:29:09
TXN0004042,0.147,0,,fraud-model-v2.3,2025-05-05 14:06:57
TXN0005811,0.103,0,,fraud-model-v2.3,2025-01-22 07:51:32
TXN0004825,0.211,0,,fraud-model-v2.3,2025-04-15 10:13:19
TXN0002985,0.061,0,,fraud-model-v2.3,2025-06-24 11:26:14
TXN0003595,0.05,0,,fraud-model-v2.3,2025-01-11 14:56:40
TXN0003674,0.028,0,,fraud-model-v2.3,2025-04-07 08:23:51
TXN0003847,0.115,0,,fraud-model-v2.3,2025-02-02 09:15:05
TXN0006226,0.204,0,,fraud-model-v2.3,2025-03-30 01:51:48
TXN0011591,0.128,0,,fraud-model-v2.3,2025-02-03 05:31:53
TXN0005695,0.103,0,,fraud-model-v2.3,2025-01-13 07:38:30
TXN0010788,0.067,0,,fraud-model-v2.3,2025-05-04 03:31:30
TXN0007992,0.099,0,,fraud-model-v2.3,2025-05-31 13:28:57
TXN0002259,0.112,0,,fraud-model-v2.3,2025-01-25 01:03:07
TXN0008749,0.094,0,,fraud-model-v2.3,2025-04-12 15:03:03
TXN0002273,0.213,0,,fraud-model-v2.3,2025-04-03 11:32:29
TXN0005532,0.114,0,,fraud-model-v2.3,2025-05-28 06:53:31
TXN0006128,0.099,0,,fraud-model-v2.3,2025-03-26 07:20:43
TXN0006251,0.037,0,,fraud-model-v2.3,2025-06-21 08:45:57
TXN0003257,0.121,0,,fraud-model-v2.3,2025-06-15 15:36:55
TXN0000692,0.054,0,,fraud-model-v2.3,2025-04-26 21:40:03
TXN0001139,0.067,0,,fraud-model-v2.3,2025-01-27 21:05:41
TXN0010158,0.03,0,,fraud-model-v2.3,2025-03-08 00:11:39
TXN0000060,0.176,0,,fraud-model-v2.3,2025-05-21 04:45:49
TXN0009862,0.08,0,,fraud-model-v2.3,2025-03-30 11:43:20
TXN0001733,0.032,0,,fraud-model-v2.3,2025-05-10 05:44:43
TXN0008253,0.049,0,,fraud-model-v2.3,2025-06-06 07:16:53
TXN0005707,0.073,0,,fraud-model-v2.3,2025-03-17 04:54:14
TXN0010929,0.216,0,,fraud-model-v2.3,2025-01-15 18:24:40
TXN0003208,0.029,0,,fraud-model-v2.3,2025-04-16 03:56:28
TXN0004631,0.112,0,,fraud-model-v2.3,2025-05-04 15:30:26
TXN0000512,0.059,0,,fraud-model-v2.3,2025-03-21 11:01:55
TXN0007730,0.089,0,,fraud-model-v2.3,2025-01-04 20:46:45
TXN0006176,0.023,0,,fraud-model-v2.3,2025-02-01 06:15:57
TXN0008655,0.063,0,,fraud-model-v2.3,2025-03-03 17:02:44
TXN0001974,0.115,0,,fraud-model-v2.3,2025-05-31 03:21:55
TXN0003523,0.075,0,,fraud-model-v2.3,2025-03-01 03:33:48
TXN0001420,0.083,0,,fraud-model-v2.3,2025-03-05 04:27:06
TXN0009520,0.085,0,,fraud-model-v2.3,2025-01-05 19:18:23
TXN0004278,0.092,0,,fraud-model-v2.3,2025-02-11 00:48:48
TXN0011721,0.047,0,,fraud-model-v2.3,2025-04-19 08:14:32
TXN0004434,0.107,0,,fraud-model-v2.3,2025-03-30 17:16:25
TXN0009991,0.017,0,,fraud-model-v2.3,2025-06-16 16:41:33
TXN0005747,0.29,0,,fraud-model-v2.3,2025-06-28 10:09:28
TXN0008797,0.128,0,,fraud-model-v2.3,2025-06-13 17:51:53
TXN0005868,0.058,0,,fraud-model-v2.3,2025-01-12 21:34:25
TXN0001850,0.059,0,,fraud-model-v2.3,2025-03-24 08:29:27
TXN0008241,0.069,0,,fraud-model-v2.3,2025-04-04 05:09:07
TXN0004253,0.123,0,,fraud-model-v2.3,2025-01-19 20:47:33
TXN0008308,0.13,0,,fraud-model-v2.3,2025-03-13 01:32:05
TXN0001442,0.083,0,,fraud-model-v2.3,2025-05-02 09:44:09
TXN0010730,0.049,0,,fraud-model-v2.3,2025-02-18 21:02:21
TXN0002287,0.089,0,,fraud-model-v2.3,2025-01-22 10:15:40
TXN0011880,0.067,0,,fraud-model-v2.3,2025-05-30 22:45:34
TXN0011198,0.024,0,,fraud-model-v2.3,2025-03-09 00:04:09
TXN0010551,0.022,0,,fraud-model-v2.3,2025-06-15 03:24:21
TXN0011163,0.103,0,,fraud-model-v2.3,2025-03-25 05:12:58
TXN0003801,0.029,0,,fraud-model-v2.3,2025-03-14 02:43:50
TXN0007498,0.058,0,,fraud-model-v2.3,2025-05-18 16:21:09
TXN0007437,0.178,0,,fraud-model-v2.3,2025-03-31 20:40:27
TXN0003521,0.269,0,,fraud-model-v2.3,2025-04-08 16:53:42
TXN0004720,0.037,0,,fraud-model-v2.3,2025-02-06 03:08:40
TXN0005721,0.09,0,,fraud-model-v2.3,2025-06-02 15:44:41
TXN0004203,0.125,0,,fraud-model-v2.3,2025-03-24 00:49:36
TXN0009607,0.104,0,,fraud-model-v2.3,2025-03-14 22:36:37
TXN0007664,0.221,0,,fraud-model-v2.3,2025-06-27 02:28:00
TXN0006416,0.062,0,,fraud-model-v2.3,2025-01-31 03:17:51
TXN0002842,0.07,0,,fraud-model-v2.3,2025-05-12 15:15:30
TXN0007600,0.117,0,,fraud-model-v2.3,2025-06-27 22:14:10
TXN0001475,0.083,0,,fraud-model-v2.3,2025-02-26 03:53:18
TXN0003785,0.054,0,,fraud-model-v2.3,2025-03-27 12:36:20
TXN0002988,0.086,0,,fraud-model-v2.3,2025-02-13 21:42:42
TXN0004531,0.131,0,,fraud-model-v2.3,2025-01-25 20:18:57
TXN0011803,0.107,0,,fraud-model-v2.3,2025-04-04 01:09:41
TXN0005778,0.075,0,,fraud-model-v2.3,2025-01-26 17:19:42
TXN0003047,0.266,0,,fraud-model-v2.3,2025-02-07 11:09:27
TXN0004739,0.146,0,,fraud-model-v2.3,2025-01-13 13:21:26
TXN0000297,0.094,0,,fraud-model-v2.3,2025-02-03 13:24:17
TXN0000925,0.077,0,,fraud-model-v2.3,2025-05-12 05:32:24
TXN0009825,0.105,0,,fraud-model-v2.3,2025-06-15 06:20:31
TXN0007225,0.032,0,,fraud-model-v2.3,2025-05-01 09:50:36
TXN0008311,0.125,0,,fraud-model-v2.3,2025-02-15 14:40:37
TXN0003485,0.058,0,,fraud-model-v2.3,2025-04-09 15:10:32
TXN0009815,0.109,0,,fraud-model-v2.3,2025-01-20 04:52:41
TXN0006473,0.134,0,,fraud-model-v2.3,2025-06-27 00:37:15
TXN0007758,0.07,0,,fraud-model-v2.3,2025-01-21 08:15:15
TXN0003021,0.039,0,,fraud-model-v2.3,2025-03-24 18:45:09
TXN0006142,0.159,0,,fraud-model-v2.3,2025-05-02 13:36:32
TXN0007851,0.094,0,,fraud-model-v2.3,2025-02-07 04:51:41
TXN0005283,0.123,0,,fraud-model-v2.3,2025-04-09 07:30:28
TXN0005036,0.057,0,,fraud-model-v2.3,2025-03-29 12:52:10
TXN0000285,0.205,0,,fraud-model-v2.3,2025-06-01 15:35:48
TXN0002089,0.097,0,,fraud-model-v2.3,2025-06-12 12:36:42
TXN0009004,0.009,0,,fraud-model-v2.3,2025-05-02 22:28:14
TXN0008138,0.096,0,,fraud-model-v2.3,2025-03-21 11:22:28
TXN0011035,0.022,0,,fraud-model-v2.3,2025-01-13 04:32:43
TXN0007298,0.109,0,,fraud-model-v2.3,2025-01-03 15:11:30
TXN0004746,0.113,0,,fraud-model-v2.3,2025-05-19 13:43:10
TXN0008633,0.088,0,,fraud-model-v2.3,2025-02-09 10:49:28
TXN0005180,0.052,0,,fraud-model-v2.3,2025-02-23 06:01:54
TXN0009765,0.17,0,,fraud-model-v2.3,2025-06-17 02:36:04
TXN0007850,0.091,0,,fraud-model-v2.3,2025-04-19 08:18:14
TXN0011543,0.045,0,,fraud-model-v2.3,2025-04-23 08:45:05
TXN0009478,0.023,0,,fraud-model-v2.3,2025-03-30 07:01:11
TXN0001468,0.22,0,,fraud-model-v2.3,2025-02-17 14:56:29
TXN0002375,0.052,0,,fraud-model-v2.3,2025-02-23 00:22:24
TXN0009631,0.021,0,,fraud-model-v2.3,2025-02-26 05:13:59
TXN0010822,0.024,0,,fraud-model-v2.3,2025-04-29 05:10:36
TXN0009824,0.027,0,,fraud-model-v2.3,2025-06-13 04:28:34
TXN0008873,0.083,0,,fraud-model-v2.3,2025-02-15 01:13:15
TXN0001306,0.178,0,,fraud-model-v2.3,2025-03-04 16:29:16
TXN0010557,0.115,0,,fraud-model-v2.3,2025-02-17 09:21:39
TXN0008837,0.1,0,,fraud-model-v2.3,2025-01-05 16:15:10
TXN0010798,0.035,0,,fraud-model-v2.3,2025-04-29 05:23:03
TXN0010668,0.047,0,,fraud-model-v2.3,2025-03-06 23:41:51
TXN0006428,0.092,0,,fraud-model-v2.3,2025-02-21 19:20:44
TXN0004248,0.17,0,,fraud-model-v2.3,2025-05-12 16:45:25
TXN0002537,0.129,0,,fraud-model-v2.3,2025-01-08 10:24:38
TXN0001487,0.022,0,,fraud-model-v2.3,2025-04-28 06:01:27
TXN0004914,0.273,0,,fraud-model-v2.3,2025-04-01 00:09:27
TXN0002458,0.075,0,,fraud-model-v2.3,2025-01-29 14:59:40
TXN0009628,0.086,0,,fraud-model-v2.3,2025-04-25 11:59:09
TXN0010389,0.066,0,,fraud-model-v2.3,2025-04-06 19:31:44
TXN0007945,0.113,0,,fraud-model-v2.3,2025-02-06 12:10:31
TXN0000923,0.061,0,,fraud-model-v2.3,2025-06-12 09:40:15
TXN0000064,0.074,0,,fraud-model-v2.3,2025-05-06 19:45:37
TXN0001516,0.143,0,,fraud-model-v2.3,2025-03-02 19:58:01
TXN0009561,0.058,0,,fraud-model-v2.3,2025-05-16 17:53:30
TXN0006978,0.022,0,,fraud-model-v2.3,2025-05-03 17:57:00
TXN0005896,0.057,0,,fraud-model-v2.3,2025-05-24 02:42:38
TXN0002513,0.088,0,,fraud-model-v2.3,2025-05-19 08:30:14
TXN0010326,0.053,0,,fraud-model-v2.3,2025-01-02 15:02:09
TXN0011430,0.067,0,,fraud-model-v2.3,2025-05-13 12:26:32
TXN0010117,0.141,0,,fraud-model-v2.3,2025-05-15 15:36:26
TXN0004567,0.093,0,,fraud-model-v2.3,2025-03-05 19:34:03
TXN0004842,0.005,0,,fraud-model-v2.3,2025-05-13 02:54:55
TXN0004869,0.088,0,,fraud-model-v2.3,2025-05-29 21:33:14
TXN0007910,0.105,0,,fraud-model-v2.3,2025-03-12 13:01:56
TXN0006316,0.205,0,,fraud-model-v2.3,2025-06-27 11:03:53
TXN0004231,0.161,0,,fraud-model-v2.3,2025-04-21 12:07:29
TXN0000945,0.249,0,,fraud-model-v2.3,2025-03-24 07:44:39
TXN0010457,0.037,0,,fraud-model-v2.3,2025-01-28 01:04:17
TXN0011223,0.036,0,,fraud-model-v2.3,2025-03-28 13:41:11
TXN0011786,0.081,0,,fraud-model-v2.3,2025-04-27 11:46:14
TXN0000461,0.069,0,,fraud-model-v2.3,2025-05-26 10:25:26
TXN0008195,0.2,0,,fraud-model-v2.3,2025-05-11 23:18:39
TXN0002754,0.083,0,,fraud-model-v2.3,2025-02-09 00:28:15
TXN0004306,0.069,0,,fraud-model-v2.3,2025-03-04 16:01:27
TXN0007355,0.031,0,,fraud-model-v2.3,2025-02-04 04:17:00
TXN0005960,0.026,0,,fraud-model-v2.3,2025-06-16 09:39:29
TXN0009251,0.088,0,,fraud-model-v2.3,2025-06-27 09:48:38
TXN0004894,0.105,0,,fraud-model-v2.3,2025-04-16 22:37:37
TXN0006756,0.211,0,,fraud-model-v2.3,2025-04-30 02:40:58
TXN0003715,0.016,0,,fraud-model-v2.3,2025-03-10 07:31:07
TXN0003779,0.059,0,,fraud-model-v2.3,2025-01-02 17:21:36
TXN0001847,0.073,0,,fraud-model-v2.3,2025-03-13 03:51:04
TXN0006653,0.13,0,,fraud-model-v2.3,2025-04-19 16:23:38
TXN0007346,0.056,0,,fraud-model-v2.3,2025-04-28 07:55:06
TXN0001218,0.034,0,,fraud-model-v2.3,2025-04-16 02:57:34
TXN0009992,0.083,0,,fraud-model-v2.3,2025-03-18 22:30:06
TXN0008213,0.007,0,,fraud-model-v2.3,2025-01-23 18:32:32
TXN0000071,0.185,0,,fraud-model-v2.3,2025-05-24 04:32:11
TXN0008970,0.071,0,,fraud-model-v2.3,2025-04-12 23:36:10
TXN0005326,0.296,0,,fraud-model-v2.3,2025-04-14 00:26:26
TXN0010979,0.053,0,,fraud-model-v2.3,2025-02-03 22:20:26
TXN0004767,0.082,0,,fraud-model-v2.3,2025-01-19 14:46:15
TXN0005322,0.108,0,,fraud-model-v2.3,2025-05-25 23:38:39
TXN0011886,0.083,0,,fraud-model-v2.3,2025-04-05 17:19:49
TXN0008664,0.048,0,,fraud-model-v2.3,2025-06-16 23:45:12
TXN0009678,0.036,0,,fraud-model-v2.3,2025-05-09 19:00:30
TXN0006337,0.027,0,,fraud-model-v2.3,2025-04-02 19:53:11
TXN0003204,0.074,0,,fraud-model-v2.3,2025-05-06 13:40:35
TXN0008803,0.011,0,,fraud-model-v2.3,2025-06-21 07:42:34
TXN0010459,0.021,0,,fraud-model-v2.3,2025-06-10 01:53:35
TXN0000051,0.061,0,,fraud-model-v2.3,2025-03-17 22:51:16
TXN0002044,0.13,0,,fraud-model-v2.3,2025-05-15 13:46:49
TXN0008003,0.072,0,,fraud-model-v2.3,2025-02-10 08:06:03
TXN0011263,0.068,0,,fraud-model-v2.3,2025-03-10 10:18:47
TXN0011900,0.016,0,,fraud-model-v2.3,2025-03-31 17:12:07
TXN0008516,0.052,0,,fraud-model-v2.3,2025-05-31 18:49:07
TXN0008116,0.053,0,,fraud-model-v2.3,2025-01-06 11:19:07
TXN0006826,0.087,0,,fraud-model-v2.3,2025-05-29 09:16:56
TXN0006459,0.028,0,,fraud-model-v2.3,2025-02-09 05:25:30
TXN0007289,0.067,0,,fraud-model-v2.3,2025-01-05 07:07:22
TXN0009576,0.083,0,,fraud-model-v2.3,2025-03-22 16:55:26
TXN0007547,0.116,0,,fraud-model-v2.3,2025-01-07 12:03:30
TXN0007214,0.097,0,,fraud-model-v2.3,2025-06-25 08:43:27
TXN0010263,0.041,0,,fraud-model-v2.3,2025-02-12 20:24:03
TXN0003013,0.061,0,,fraud-model-v2.3,2025-06-17 19:19:06
TXN0011572,0.113,0,,fraud-model-v2.3,2025-03-18 04:16:05
TXN0011865,0.104,0,,fraud-model-v2.3,2025-01-30 15:15:32
TXN0009313,0.09,0,,fraud-model-v2.3,2025-02-09 19:32:44
TXN0002082,0.022,0,,fraud-model-v2.3,2025-02-11 05:52:42
TXN0002637,0.077,0,,fraud-model-v2.3,2025-05-30 23:43:00
TXN0001713,0.037,0,,fraud-model-v2.3,2025-06-19 06:53:05
TXN0004053,0.382,1,VELOCITY_CHECK,fraud-model-v2.3,2025-01-28 20:02:09
TXN0008439,0.217,0,,fraud-model-v2.3,2025-01-02 23:38:37
TXN0004615,0.116,0,,fraud-model-v2.3,2025-05-21 02:43:29
TXN0002950,0.163,0,,fraud-model-v2.3,2025-06-14 03:12:04
TXN0000106,0.05,0,,fraud-model-v2.3,2025-05-31 12:22:05
TXN0006565,0.085,0,,fraud-model-v2.3,2025-02-23 12:09:39
TXN0000429,0.026,0,,fraud-model-v2.3,2025-01-08 06:40:43
TXN0000592,0.187,0,,fraud-model-v2.3,2025-01-13 07:10:47
TXN0008415,0.103,0,,fraud-model-v2.3,2025-02-11 10:04:22
TXN0007949,0.059,0,,fraud-model-v2.3,2025-04-25 08:15:59
TXN0001734,0.086,0,,fraud-model-v2.3,2025-01-29 17:28:30
TXN0011485,0.147,0,,fraud-model-v2.3,2025-06-11 13:14:38
TXN0003181,0.085,0,,fraud-model-v2.3,2025-04-02 05:17:56
TXN0001126,0.046,0,,fraud-model-v2.3,2025-03-14 19:58:15
TXN0011118,0.064,0,,fraud-model-v2.3,2025-05-28 13:31:44
TXN0006766,0.081,0,,fraud-model-v2.3,2025-03-24 13:25:27
TXN0010603,0.082,0,,fraud-model-v2.3,2025-02-12 01:53:36
TXN0011291,0.039,0,,fraud-model-v2.3,2025-04-22 01:20:12
TXN0000951,0.051,0,,fraud-model-v2.3,2025-04-18 20:04:30
TXN0001133,0.068,0,,fraud-model-v2.3,2025-01-02 06:37:22
TXN0009153,0.116,0,,fraud-model-v2.3,2025-05-26 02:02:59
TXN0011003,0.218,0,,fraud-model-v2.3,2025-05-31 15:38:16
TXN0000255,0.124,0,,fraud-model-v2.3,2025-01-12 15:11:33
TXN0006438,0.042,0,,fraud-model-v2.3,2025-02-01 11:27:43
TXN0009747,0.02,0,,fraud-model-v2.3,2025-05-15 04:56:44
TXN0003286,0.086,0,,fraud-model-v2.3,2025-03-08 09:59:44
TXN0010817,0.025,0,,fraud-model-v2.3,2025-06-09 11:02:44
TXN0008501,0.032,0,,fraud-model-v2.3,2025-03-11 13:06:18
TXN0002444,0.161,0,,fraud-model-v2.3,2025-06-04 09:46:46
TXN0003407,0.187,0,,fraud-model-v2.3,2025-03-25 09:08:00
TXN0002606,0.122,0,,fraud-model-v2.3,2025-02-16 13:07:20
TXN0008033,0.11,0,,fraud-model-v2.3,2025-04-16 17:52:08
TXN0004365,0.05,0,,fraud-model-v2.3,2025-05-07 05:12:19
TXN0011814,0.021,0,,fraud-model-v2.3,2025-06-21 17:11:51
TXN0004952,0.191,0,,fraud-model-v2.3,2025-01-31 17:38:38
TXN0010755,0.054,0,,fraud-model-v2.3,2025-06-20 19:03:26
TXN0009538,0.131,0,,fraud-model-v2.3,2025-02-14 00:17:34
TXN0005521,0.006,0,,fraud-model-v2.3,2025-01-14 03:49:15
TXN0010721,0.034,0,,fraud-model-v2.3,2025-05-03 05:03:10
TXN0009895,0.046,0,,fraud-model-v2.3,2025-02-07 17:17:27
TXN0010762,0.092,0,,fraud-model-v2.3,2025-02-26 08:27:31
TXN0001977,0.024,0,,fraud-model-v2.3,2025-03-24 02:43:59
TXN0004110,0.008,0,,fraud-model-v2.3,2025-04-20 22:41:22
TXN0007477,0.043,0,,fraud-model-v2.3,2025-04-20 17:22:18
TXN0004415,0.183,0,,fraud-model-v2.3,2025-02-11 09:40:25
TXN0005658,0.088,0,,fraud-model-v2.3,2025-02-19 08:24:53
TXN0002854,0.068,0,,fraud-model-v2.3,2025-05-23 18:54:19
TXN0006914,0.222,0,,fraud-model-v2.3,2025-06-27 20:56:04
TXN0008848,0.096,0,,fraud-model-v2.3,2025-05-12 07:12:21
TXN0010858,0.131,0,,fraud-model-v2.3,2025-03-13 10:44:59
TXN0002924,0.091,0,,fraud-model-v2.3,2025-03-20 23:48:20
TXN0011401,0.06,0,,fraud-model-v2.3,2025-04-29 07:12:05
TXN0011994,0.085,0,,fraud-model-v2.3,2025-05-22 19:59:23
TXN0009224,0.006,0,,fraud-model-v2.3,2025-05-01 18:32:26
TXN0010336,0.084,0,,fraud-model-v2.3,2025-04-09 20:33:20
TXN0005861,0.241,0,,fraud-model-v2.3,2025-01-06 05:22:05
TXN0002406,0.053,0,,fraud-model-v2.3,2025-02-07 06:10:15
TXN0006574,0.24,0,,fraud-model-v2.3,2025-02-08 15:17:38
TXN0002134,0.092,0,,fraud-model-v2.3,2025-03-22 19:56:02
TXN0006413,0.049,0,,fraud-model-v2.3,2025-06-29 18:33:26
TXN0011650,0.165,0,,fraud-model-v2.3,2025-03-12 06:37:12
TXN0011532,0.183,0,,fraud-model-v2.3,2025-04-15 09:52:20
TXN0001634,0.032,0,,fraud-model-v2.3,2025-03-22 02:50:10
TXN0010920,0.083,0,,fraud-model-v2.3,2025-03-28 15:08:32
TXN0004230,0.068,0,,fraud-model-v2.3,2025-06-28 09:49:25
TXN0002016,0.024,0,,fraud-model-v2.3,2025-03-29 16:05:52
TXN0006849,0.123,0,,fraud-model-v2.3,2025-02-24 03:33:29
TXN0002918,0.211,0,,fraud-model-v2.3,2025-04-28 11:15:03
TXN0005496,0.052,0,,fraud-model-v2.3,2025-05-26 22:53:44
TXN0002709,0.169,0,,fraud-model-v2.3,2025-03-01 09:21:17
TXN0000894,0.071,0,,fraud-model-v2.3,2025-03-09 11:24:37
TXN0005316,0.012,0,,fraud-model-v2.3,2025-05-09 03:12:53
TXN0005596,0.193,0,,fraud-model-v2.3,2025-06-10 01:03:39
TXN0007286,0.11,0,,fraud-model-v2.3,2025-03-25 16:12:49
TXN0000529,0.091,0,,fraud-model-v2.3,2025-05-02 16:36:29
TXN0001053,0.093,0,,fraud-model-v2.3,2025-02-08 14:11:07
TXN0002929,0.096,0,,fraud-model-v2.3,2025-02-13 03:41:02
TXN0004593,0.125,0,,fraud-model-v2.3,2025-01-25 12:37:29
TXN0008208,0.066,0,,fraud-model-v2.3,2025-03-18 07:41:33
TXN0008783,0.127,0,,fraud-model-v2.3,2025-04-04 12:57:25
TXN0001377,0.123,0,,fraud-model-v2.3,2025-01-23 05:30:16
TXN0005120,0.028,0,,fraud-model-v2.3,2025-05-05 23:32:29
TXN0000272,0.012,0,,fraud-model-v2.3,2025-03-01 20:50:55
TXN0005632,0.036,0,,fraud-model-v2.3,2025-01-02 10:43:55
TXN0001365,0.008,0,,fraud-model-v2.3,2025-03-17 06:18:25
TXN0009245,0.114,0,,fraud-model-v2.3,2025-01-25 03:23:20
TXN0005954,0.059,0,,fraud-model-v2.3,2025-02-05 21:07:10
TXN0000026,0.122,0,,fraud-model-v2.3,2025-05-13 09:00:41
TXN0004944,0.008,0,,fraud-model-v2.3,2025-02-11 08:44:07
TXN0000111,0.036,0,,fraud-model-v2.3,2025-03-29 07:54:48
TXN0005260,0.049,0,,fraud-model-v2.3,2025-05-09 11:14:28
TXN0007717,0.098,0,,fraud-model-v2.3,2025-01-09 19:56:25
TXN0011563,0.139,0,,fraud-model-v2.3,2025-06-07 12:06:53
TXN0005066,0.045,0,,fraud-model-v2.3,2025-04-29 18:27:21
TXN0004056,0.028,0,,fraud-model-v2.3,2025-03-24 14:32:04
TXN0001129,0.207,0,,fraud-model-v2.3,2025-03-28 21:30:43
TXN0001529,0.122,0,,fraud-model-v2.3,2025-06-23 23:42:36
TXN0005269,0.052,0,,fraud-model-v2.3,2025-05-27 04:54:45
TXN0010599,0.12,0,,fraud-model-v2.3,2025-02-22 05:37:16
TXN0004454,0.057,0,,fraud-model-v2.3,2025-06-10 01:38:05
TXN0007398,0.034,0,,fraud-model-v2.3,2025-02-10 23:40:47
TXN0008934,0.009,0,,fraud-model-v2.3,2025-02-17 01:09:45
TXN0010830,0.053,0,,fraud-model-v2.3,2025-06-05 20:14:32
TXN0010385,0.084,0,,fraud-model-v2.3,2025-05-22 23:09:28
TXN0003288,0.019,0,,fraud-model-v2.3,2025-03-23 09:12:19
TXN0002057,0.164,0,,fraud-model-v2.3,2025-01-18 09:49:19
TXN0001453,0.067,0,,fraud-model-v2.3,2025-06-17 00:37:37
TXN0005117,0.075,0,,fraud-model-v2.3,2025-04-17 19:48:22
TXN0010819,0.024,0,,fraud-model-v2.3,2025-05-28 09:48:15
TXN0003539,0.086,0,,fraud-model-v2.3,2025-02-03 23:20:41
TXN0006692,0.109,0,,fraud-model-v2.3,2025-02-28 05:39:04
TXN0005486,0.202,0,,fraud-model-v2.3,2025-03-31 18:59:43
TXN0001761,0.186,0,,fraud-model-v2.3,2025-03-13 18:36:04
TXN0002301,0.003,0,,fraud-model-v2.3,2025-06-24 19:43:23
TXN0008441,0.088,0,,fraud-model-v2.3,2025-06-08 01:45:53
TXN0005272,0.115,0,,fraud-model-v2.3,2025-03-15 18:48:07
TXN0005115,0.117,0,,fraud-model-v2.3,2025-04-18 07:16:11
TXN0005466,0.044,0,,fraud-model-v2.3,2025-02-02 08:36:53
TXN0010845,0.136,0,,fraud-model-v2.3,2025-06-14 07:59:44
TXN0004239,0.297,0,,fraud-model-v2.3,2025-06-04 02:41:18
TXN0011788,0.058,0,,fraud-model-v2.3,2025-01-20 01:28:39
TXN0007201,0.154,0,,fraud-model-v2.3,2025-02-12 12:46:01
TXN0011577,0.009,0,,fraud-model-v2.3,2025-01-16 06:15:46
TXN0008657,0.138,0,,fraud-model-v2.3,2025-01-20 11:45:36
TXN0009708,0.071,0,,fraud-model-v2.3,2025-04-20 06:32:10
TXN0004252,0.024,0,,fraud-model-v2.3,2025-04-27 07:56:13
TXN0002972,0.018,0,,fraud-model-v2.3,2025-06-11 12:08:03
TXN0002930,0.031,0,,fraud-model-v2.3,2025-06-01 23:48:36
TXN0005321,0.026,0,,fraud-model-v2.3,2025-01-29 14:54:58
TXN0000882,0.071,0,,fraud-model-v2.3,2025-06-15 04:00:30
TXN0009338,0.165,0,,fraud-model-v2.3,2025-03-19 09:37:11
TXN0006348,0.139,0,,fraud-model-v2.3,2025-04-15 15:33:02
TXN0008708,0.112,0,,fraud-model-v2.3,2025-03-18 14:08:19
TXN0000037,0.14,0,,fraud-model-v2.3,2025-04-09 09:02:50
TXN0010637,0.075,0,,fraud-model-v2.3,2025-04-10 07:11:04
TXN0009703,0.087,0,,fraud-model-v2.3,2025-05-01 17:59:38
TXN0000561,0.099,0,,fraud-model-v2.3,2025-01-01 12:46:04
TXN0001145,0.279,0,,fraud-model-v2.3,2025-06-09 03:16:08
TXN0000249,0.125,0,,fraud-model-v2.3,2025-01-05 15:30:34
TXN0008566,0.118,0,,fraud-model-v2.3,2025-06-21 01:41:56
TXN0007630,0.1,0,,fraud-model-v2.3,2025-05-03 04:42:53
TXN0007042,0.115,0,,fraud-model-v2.3,2025-03-16 07:12:11
TXN0006749,0.123,0,,fraud-model-v2.3,2025-01-10 13:08:35
TXN0003906,0.029,0,,fraud-model-v2.3,2025-03-03 15:48:52
TXN0000946,0.01,0,,fraud-model-v2.3,2025-05-17 01:34:38
TXN0006068,0.051,0,,fraud-model-v2.3,2025-05-02 15:08:06
TXN0007054,0.104,0,,fraud-model-v2.3,2025-01-21 19:22:34
TXN0008314,0.119,0,,fraud-model-v2.3,2025-03-03 17:18:05
TXN0000601,0.025,0,,fraud-model-v2.3,2025-06-23 05:19:06
TXN0009918,0.09,0,,fraud-model-v2.3,2025-01-05 09:13:30
TXN0001164,0.017,0,,fraud-model-v2.3,2025-04-08 10:43:06
TXN0011917,0.127,0,,fraud-model-v2.3,2025-03-21 11:06:37
TXN0004371,0.055,0,,fraud-model-v2.3,2025-03-05 23:39:35
TXN0008863,0.019,0,,fraud-model-v2.3,2025-05-14 09:32:37
TXN0010118,0.103,0,,fraud-model-v2.3,2025-03-03 11:44:40
TXN0004256,0.057,0,,fraud-model-v2.3,2025-04-25 03:56:14
TXN0002750,0.053,0,,fraud-model-v2.3,2025-03-14 18:01:31
TXN0005963,0.11,0,,fraud-model-v2.3,2025-04-11 03:11:55
TXN0002342,0.146,0,,fraud-model-v2.3,2025-01-11 01:51:05
TXN0009435,0.067,0,,fraud-model-v2.3,2025-01-24 02:52:57
TXN0011233,0.213,0,,fraud-model-v2.3,2025-02-04 12:53:24
TXN0005229,0.045,0,,fraud-model-v2.3,2025-05-27 08:32:46
TXN0006721,0.353,1,VELOCITY_CHECK,fraud-model-v2.3,2025-02-22 14:23:07
TXN0007001,0.084,0,,fraud-model-v2.3,2025-03-03 04:00:13
TXN0010376,0.133,0,,fraud-model-v2.3,2025-01-11 21:24:24
TXN0011613,0.206,0,,fraud-model-v2.3,2025-05-10 23:13:36
TXN0011771,0.042,0,,fraud-model-v2.3,2025-02-16 02:38:13
TXN0004394,0.151,0,,fraud-model-v2.3,2025-03-25 10:50:37
TXN0007279,0.096,0,,fraud-model-v2.3,2025-04-07 23:21:28
TXN0009101,0.023,0,,fraud-model-v2.3,2025-04-26 08:18:44
TXN0006623,0.12,0,,fraud-model-v2.3,2025-06-13 07:28:34
TXN0005099,0.016,0,,fraud-model-v2.3,2025-02-27 09:45:19
TXN0010130,0.088,0,,fraud-model-v2.3,2025-03-24 02:43:14
TXN0009412,0.033,0,,fraud-model-v2.3,2025-05-06 13:54:17
TXN0010006,0.016,0,,fraud-model-v2.3,2025-01-12 06:58:38
TXN0006182,0.014,0,,fraud-model-v2.3,2025-01-18 07:38:28
TXN0001989,0.063,0,,fraud-model-v2.3,2025-05-15 02:51:59
TXN0000452,0.101,0,,fraud-model-v2.3,2025-03-30 15:14:21
TXN0008062,0.095,0,,fraud-model-v2.3,2025-02-10 11:52:50
TXN0006331,0.021,0,,fraud-model-v2.3,2025-06-14 09:30:08
TXN0003234,0.144,0,,fraud-model-v2.3,2025-01-08 18:32:02
TXN0007324,0.047,0,,fraud-model-v2.3,2025-01-10 10:32:24
TXN0011855,0.017,0,,fraud-model-v2.3,2025-02-09 06:21:18
TXN0009534,0.168,0,,fraud-model-v2.3,2025-05-18 23:58:19
TXN0004940,0.087,0,,fraud-model-v2.3,2025-01-05 04:06:01
TXN0006518,0.285,0,,fraud-model-v2.3,2025-06-14 08:18:19
TXN0011881,0.075,0,,fraud-model-v2.3,2025-06-21 09:04:58
TXN0009345,0.171,0,,fraud-model-v2.3,2025-06-06 23:15:18
TXN0007364,0.158,0,,fraud-model-v2.3,2025-01-01 06:38:50
TXN0003227,0.202,0,,fraud-model-v2.3,2025-05-20 12:18:03
TXN0001960,0.087,0,,fraud-model-v2.3,2025-02-20 04:16:37
TXN0001511,0.061,0,,fraud-model-v2.3,2025-03-07 01:07:42
TXN0007766,0.076,0,,fraud-model-v2.3,2025-06-24 07:39:49
TXN0001667,0.203,0,,fraud-model-v2.3,2025-02-01 10:07:21
TXN0008784,0.189,0,,fraud-model-v2.3,2025-01-18 17:52:18
TXN0008158,0.053,0,,fraud-model-v2.3,2025-04-17 06:00:23
TXN0007344,0.077,0,,fraud-model-v2.3,2025-03-04 02:21:43
TXN0010312,0.044,0,,fraud-model-v2.3,2025-05-18 03:31:24
TXN0008590,0.221,0,,fraud-model-v2.3,2025-04-20 17:21:39
TXN0004129,0.029,0,,fraud-model-v2.3,2025-03-16 21:28:20
TXN0009489,0.055,0,,fraud-model-v2.3,2025-06-17 10:25:07
TXN0007652,0.127,0,,fraud-model-v2.3,2025-06-29 02:58:45
TXN0005232,0.033,0,,fraud-model-v2.3,2025-05-03 20:38:57
TXN0008704,0.092,0,,fraud-model-v2.3,2025-06-29 01:07:52
TXN0002176,0.021,0,,fraud-model-v2.3,2025-01-05 01:00:57
TXN0008857,0.056,0,,fraud-model-v2.3,2025-04-01 00:49:35
TXN0010441,0.09,0,,fraud-model-v2.3,2025-03-30 21:58:31
TXN0007837,0.039,0,,fraud-model-v2.3,2025-04-18 00:09:30
TXN0006519,0.043,0,,fraud-model-v2.3,2025-01-15 13:21:07
TXN0011745,0.079,0,,fraud-model-v2.3,2025-06-23 20:41:48
TXN0007183,0.139,0,,fraud-model-v2.3,2025-06-06 01:35:08
TXN0006643,0.114,0,,fraud-model-v2.3,2025-02-20 09:26:12
TXN0000952,0.037,0,,fraud-model-v2.3,2025-01-29 07:43:26
TXN0006047,0.064,0,,fraud-model-v2.3,2025-01-26 06:09:22
TXN0004803,0.034,0,,fraud-model-v2.3,2025-06-07 11:09:07
TXN0004973,0.118,0,,fraud-model-v2.3,2025-02-07 06:57:15
TXN0008356,0.17,0,,fraud-model-v2.3,2025-03-20 16:10:30
TXN0000738,0.017,0,,fraud-model-v2.3,2025-04-03 00:56:49
TXN0003408,0.081,0,,fraud-model-v2.3,2025-03-11 11:13:38
TXN0002394,0.057,0,,fraud-model-v2.3,2025-02-15 11:44:59
TXN0009512,0.028,0,,fraud-model-v2.3,2025-04-27 20:20:59
TXN0010083,0.035,0,,fraud-model-v2.3,2025-02-24 02:48:42
TXN0002427,0.031,0,,fraud-model-v2.3,2025-06-13 05:05:14
TXN0008792,0.157,0,,fraud-model-v2.3,2025-02-13 03:13:25
TXN0007137,0.128,0,,fraud-model-v2.3,2025-04-18 22:09:55
TXN0003429,0.044,0,,fraud-model-v2.3,2025-01-26 10:47:21
TXN0007077,0.156,0,,fraud-model-v2.3,2025-06-26 00:37:57
TXN0005722,0.062,0,,fraud-model-v2.3,2025-02-17 18:39:01
TXN0005987,0.221,0,,fraud-model-v2.3,2025-06-17 14:16:24
TXN0000190,0.134,0,,fraud-model-v2.3,2025-03-12 02:50:39
TXN0004804,0.047,0,,fraud-model-v2.3,2025-06-14 14:55:16
TXN0004034,0.208,0,,fraud-model-v2.3,2025-01-19 09:26:36
TXN0004281,0.019,0,,fraud-model-v2.3,2025-04-17 19:35:28
TXN0001368,0.158,0,,fraud-model-v2.3,2025-03-06 17:17:44
TXN0009058,0.106,0,,fraud-model-v2.3,2025-05-06 13:27:30
TXN0008316,0.073,0,,fraud-model-v2.3,2025-06-10 09:44:46
TXN0011928,0.157,0,,fraud-model-v2.3,2025-03-28 09:35:20
TXN0002683,0.049,0,,fraud-model-v2.3,2025-06-05 15:02:16
TXN0008831,0.184,0,,fraud-model-v2.3,2025-05-12 07:38:31
TXN0009604,0.114,0,,fraud-model-v2.3,2025-05-23 17:40:41
TXN0010332,0.164,0,,fraud-model-v2.3,2025-04-03 02:46:33
TXN0006895,0.129,0,,fraud-model-v2.3,2025-06-28 13:25:47
TXN0006532,0.112,0,,fraud-model-v2.3,2025-06-17 18:49:53
TXN0001661,0.069,0,,fraud-model-v2.3,2025-03-29 20:36:21
TXN0005827,0.307,0,,fraud-model-v2.3,2025-02-18 18:32:50
TXN0004782,0.094,0,,fraud-model-v2.3,2025-02-05 07:11:37
TXN0006378,0.14,0,,fraud-model-v2.3,2025-05-05 21:20:57
TXN0003306,0.035,0,,fraud-model-v2.3,2025-04-27 16:38:11
TXN0001842,0.144,0,,fraud-model-v2.3,2025-02-12 03:20:51
TXN0008755,0.166,0,,fraud-model-v2.3,2025-06-07 01:34:50
TXN0005494,0.139,0,,fraud-model-v2.3,2025-03-10 17:31:34
TXN0005862,0.094,0,,fraud-model-v2.3,2025-05-02 19:00:53
TXN0008631,0.19,0,,fraud-model-v2.3,2025-05-31 11:12:12
TXN0008805,0.101,0,,fraud-model-v2.3,2025-01-07 12:27:01
TXN0003164,0.06,0,,fraud-model-v2.3,2025-06-28 19:43:29
TXN0009300,0.07,0,,fraud-model-v2.3,2025-04-20 04:57:36
TXN0010795,0.116,0,,fraud-model-v2.3,2025-01-19 00:51:19
TXN0005116,0.142,0,,fraud-model-v2.3,2025-06-11 12:34:03
TXN0000799,0.035,0,,fraud-model-v2.3,2025-02-03 18:13:55
TXN0008918,0.103,0,,fraud-model-v2.3,2025-05-03 09:04:45
TXN0000415,0.102,0,,fraud-model-v2.3,2025-03-04 02:11:45
TXN0002038,0.12,0,,fraud-model-v2.3,2025-06-03 21:10:11
TXN0005138,0.078,0,,fraud-model-v2.3,2025-01-11 04:36:33
TXN0010985,0.069,0,,fraud-model-v2.3,2025-02-19 04:39:08
TXN0011156,0.056,0,,fraud-model-v2.3,2025-05-13 18:11:40
TXN0005197,0.009,0,,fraud-model-v2.3,2025-04-20 08:51:49
TXN0001900,0.124,0,,fraud-model-v2.3,2025-05-09 04:13:45
TXN0002179,0.156,0,,fraud-model-v2.3,2025-06-26 12:37:36
TXN0002000,0.058,0,,fraud-model-v2.3,2025-06-18 05:57:51
TXN0008558,0.063,0,,fraud-model-v2.3,2025-04-23 03:43:11
TXN0004614,0.071,0,,fraud-model-v2.3,2025-04-01 21:06:15
TXN0004652,0.039,0,,fraud-model-v2.3,2025-03-23 11:44:31
TXN0011451,0.172,0,,fraud-model-v2.3,2025-04-08 03:43:43
TXN0009621,0.12,0,,fraud-model-v2.3,2025-06-29 15:34:29
TXN0004000,0.099,0,,fraud-model-v2.3,2025-05-30 00:25:45
TXN0004357,0.11,0,,fraud-model-v2.3,2025-04-25 00:16:09
TXN0009685,0.14,0,,fraud-model-v2.3,2025-06-04 16:31:35
TXN0007271,0.087,0,,fraud-model-v2.3,2025-06-07 01:54:03
TXN0007002,0.014,0,,fraud-model-v2.3,2025-01-16 16:55:38
TXN0002102,0.02,0,,fraud-model-v2.3,2025-02-01 15:23:19
TXN0001500,0.058,0,,fraud-model-v2.3,2025-01-11 04:47:33
TXN0007426,0.249,0,,fraud-model-v2.3,2025-03-29 13:10:31
TXN0001289,0.157,0,,fraud-model-v2.3,2025-06-06 19:01:25
TXN0000718,0.093,0,,fraud-model-v2.3,2025-06-12 06:30:49
TXN0006361,0.063,0,,fraud-model-v2.3,2025-01-09 07:51:46
TXN0010947,0.015,0,,fraud-model-v2.3,2025-05-24 02:03:38
TXN0005358,0.098,0,,fraud-model-v2.3,2025-02-28 22:27:31
TXN0000291,0.218,0,,fraud-model-v2.3,2025-06-07 03:36:58
TXN0011845,0.108,0,,fraud-model-v2.3,2025-03-07 10:39:48
TXN0002088,0.092,0,,fraud-model-v2.3,2025-03-18 13:02:18
TXN0007623,0.186,0,,fraud-model-v2.3,2025-01-24 03:41:10
TXN0003140,0.113,0,,fraud-model-v2.3,2025-03-09 15:39:17
TXN0011875,0.049,0,,fraud-model-v2.3,2025-02-05 19:39:31
TXN0000148,0.139,0,,fraud-model-v2.3,2025-01-09 22:08:28
TXN0011286,0.237,0,,fraud-model-v2.3,2025-05-04 00:50:16
TXN0003870,0.081,0,,fraud-model-v2.3,2025-04-20 13:07:21
TXN0000132,0.122,0,,fraud-model-v2.3,2025-05-03 19:13:49
TXN0011820,0.112,0,,fraud-model-v2.3,2025-02-21 03:43:43
TXN0003562,0.277,0,,fraud-model-v2.3,2025-01-31 02:31:34
TXN0007133,0.116,0,,fraud-model-v2.3,2025-01-03 23:00:06
TXN0007459,0.05,0,,fraud-model-v2.3,2025-02-22 21:00:06
TXN0010691,0.041,0,,fraud-model-v2.3,2025-06-12 22:56:04
TXN0006670,0.075,0,,fraud-model-v2.3,2025-05-17 07:41:05
TXN0000253,0.033,0,,fraud-model-v2.3,2025-01-21 04:27:52
TXN0005650,0.115,0,,fraud-model-v2.3,2025-04-25 10:28:31
TXN0010800,0.034,0,,fraud-model-v2.3,2025-06-02 03:10:50
TXN0007615,0.066,0,,fraud-model-v2.3,2025-03-16 19:32:52
TXN0010163,0.1,0,,fraud-model-v2.3,2025-03-10 09:43:03
TXN0008294,0.162,0,,fraud-model-v2.3,2025-02-08 22:28:01
TXN0009893,0.105,0,,fraud-model-v2.3,2025-05-17 19:23:35
TXN0007121,0.07,0,,fraud-model-v2.3,2025-02-12 07:52:43
TXN0003239,0.061,0,,fraud-model-v2.3,2025-06-18 11:04:06
TXN0002389,0.058,0,,fraud-model-v2.3,2025-03-28 07:57:04
TXN0000362,0.014,0,,fraud-model-v2.3,2025-03-27 02:18:05
TXN0010620,0.012,0,,fraud-model-v2.3,2025-04-16 14:46:22
TXN0002033,0.135,0,,fraud-model-v2.3,2025-02-25 22:02:15
TXN0004874,0.214,0,,fraud-model-v2.3,2025-03-31 17:16:48
TXN0009322,0.022,0,,fraud-model-v2.3,2025-05-26 04:02:34
TXN0011499,0.124,0,,fraud-model-v2.3,2025-04-13 14:41:29
TXN0008851,0.036,0,,fraud-model-v2.3,2025-06-12 23:27:55
TXN0000373,0.071,0,,fraud-model-v2.3,2025-01-15 09:48:12
TXN0011732,0.054,0,,fraud-model-v2.3,2025-01-05 04:50:54
TXN0000989,0.041,0,,fraud-model-v2.3,2025-05-29 13:12:04
TXN0010363,0.072,0,,fraud-model-v2.3,2025-05-25 02:14:20
TXN0008672,0.079,0,,fraud-model-v2.3,2025-06-11 01:49:29
TXN0009107,0.076,0,,fraud-model-v2.3,2025-02-27 12:42:52
TXN0005373,0.027,0,,fraud-model-v2.3,2025-04-11 12:36:07
TXN0006956,0.032,0,,fraud-model-v2.3,2025-03-03 01:00:17
TXN0001287,0.145,0,,fraud-model-v2.3,2025-01-03 08:58:13
TXN0007024,0.038,0,,fraud-model-v2.3,2025-06-25 02:17:11
TXN0006463,0.079,0,,fraud-model-v2.3,2025-01-13 21:30:42
TXN0008684,0.037,0,,fraud-model-v2.3,2025-05-31 11:02:34
TXN0003731,0.08,0,,fraud-model-v2.3,2025-06-24 07:22:16
TXN0002893,0.021,0,,fraud-model-v2.3,2025-05-27 05:34:45
TXN0002094,0.032,0,,fraud-model-v2.3,2025-05-08 10:01:32
TXN0011366,0.112,0,,fraud-model-v2.3,2025-04-10 14:44:29
TXN0003995,0.165,0,,fraud-model-v2.3,2025-02-10 07:52:30
TXN0003740,0.033,0,,fraud-model-v2.3,2025-03-01 05:11:13
TXN0000685,0.033,0,,fraud-model-v2.3,2025-02-06 07:24:51
TXN0009597,0.095,0,,fraud-model-v2.3,2025-03-26 07:57:02
TXN0008129,0.074,0,,fraud-model-v2.3,2025-02-11 18:29:54
TXN0003366,0.171,0,,fraud-model-v2.3,2025-06-23 17:12:43
TXN0007598,0.069,0,,fraud-model-v2.3,2025-02-26 20:02:11
TXN0008766,0.124,0,,fraud-model-v2.3,2025-05-30 05:52:41
TXN0011209,0.06,0,,fraud-model-v2.3,2025-03-21 09:02:37
TXN0002545,0.07,0,,fraud-model-v2.3,2025-03-20 19:01:41
TXN0010250,0.101,0,,fraud-model-v2.3,2025-03-31 01:31:19
TXN0008425,0.181,0,,fraud-model-v2.3,2025-05-16 08:10:42
TXN0011554,0.065,0,,fraud-model-v2.3,2025-02-05 00:52:19
TXN0010899,0.045,0,,fraud-model-v2.3,2025-03-20 06:02:28
TXN0005289,0.032,0,,fraud-model-v2.3,2025-02-03 18:34:12
TXN0003559,0.037,0,,fraud-model-v2.3,2025-03-10 00:08:09
TXN0007449,0.2,0,,fraud-model-v2.3,2025-02-09 10:10:22
TXN0008455,0.035,0,,fraud-model-v2.3,2025-03-04 03:38:33
TXN0007856,0.078,0,,fraud-model-v2.3,2025-05-07 22:09:31
TXN0004570,0.192,0,,fraud-model-v2.3,2025-05-28 13:25:22
TXN0011431,0.02,0,,fraud-model-v2.3,2025-01-01 19:56:02
TXN0003390,0.062,0,,fraud-model-v2.3,2025-03-26 16:16:15
TXN0001763,0.025,0,,fraud-model-v2.3,2025-03-10 05:28:21
TXN0002678,0.021,0,,fraud-model-v2.3,2025-05-06 20:10:52
TXN0001601,0.085,0,,fraud-model-v2.3,2025-06-01 00:13:00
TXN0011239,0.06,0,,fraud-model-v2.3,2025-06-24 08:28:48
TXN0010146,0.22,0,,fraud-model-v2.3,2025-01-16 00:59:14
TXN0011122,0.19,0,,fraud-model-v2.3,2025-04-25 09:33:41
TXN0006334,0.092,0,,fraud-model-v2.3,2025-02-04 10:27:35
TXN0008091,0.081,0,,fraud-model-v2.3,2025-05-28 18:27:28
TXN0007938,0.194,0,,fraud-model-v2.3,2025-03-28 10:42:53
TXN0002566,0.046,0,,fraud-model-v2.3,2025-04-21 05:06:32
TXN0010689,0.024,0,,fraud-model-v2.3,2025-02-12 07:34:55
TXN0004082,0.071,0,,fraud-model-v2.3,2025-03-19 08:14:10
TXN0001568,0.234,0,,fraud-model-v2.3,2025-05-23 18:52:44
TXN0008263,0.153,0,,fraud-model-v2.3,2025-06-21 02:53:19
TXN0006976,0.075,0,,fraud-model-v2.3,2025-05-18 22:18:32
TXN0009936,0.127,0,,fraud-model-v2.3,2025-05-14 21:12:34
TXN0006925,0.027,0,,fraud-model-v2.3,2025-03-04 21:39:04
TXN0005123,0.024,0,,fraud-model-v2.3,2025-01-11 20:23:41
TXN0000800,0.035,0,,fraud-model-v2.3,2025-03-12 22:28:25
TXN0002699,0.125,0,,fraud-model-v2.3,2025-03-11 19:46:24
TXN0010968,0.081,0,,fraud-model-v2.3,2025-04-30 06:01:35
TXN0001499,0.144,0,,fraud-model-v2.3,2025-05-27 16:50:33
TXN0010297,0.061,0,,fraud-model-v2.3,2025-06-07 15:23:35
TXN0005125,0.067,0,,fraud-model-v2.3,2025-01-28 04:06:57
TXN0010480,0.042,0,,fraud-model-v2.3,2025-03-08 19:17:57
TXN0008470,0.034,0,,fraud-model-v2.3,2025-05-30 20:25:39
TXN0011081,0.056,0,,fraud-model-v2.3,2025-01-29 02:37:49
TXN0000326,0.181,0,,fraud-model-v2.3,2025-02-06 13:18:02
TXN0007496,0.084,0,,fraud-model-v2.3,2025-05-27 08:37:29
TXN0007502,0.041,0,,fraud-model-v2.3,2025-06-11 21:45:15
TXN0000498,0.038,0,,fraud-model-v2.3,2025-05-21 19:38:04
TXN0001422,0.058,0,,fraud-model-v2.3,2025-03-01 19:36:40
TXN0001392,0.017,0,,fraud-model-v2.3,2025-06-07 20:10:16
TXN0006666,0.089,0,,fraud-model-v2.3,2025-03-10 18:01:18
TXN0009996,0.057,0,,fraud-model-v2.3,2025-01-09 18:30:51
TXN0008997,0.03,0,,fraud-model-v2.3,2025-01-25 07:02:53
TXN0009563,0.117,0,,fraud-model-v2.3,2025-04-20 05:17:54
TXN0007973,0.091,0,,fraud-model-v2.3,2025-03-09 16:19:18
TXN0000050,0.085,0,,fraud-model-v2.3,2025-02-12 22:05:56
TXN0007025,0.074,0,,fraud-model-v2.3,2025-01-07 21:36:41
TXN0002466,0.094,0,,fraud-model-v2.3,2025-05-15 21:57:36
TXN0005664,0.009,0,,fraud-model-v2.3,2025-06-08 03:30:53
TXN0006137,0.02,0,,fraud-model-v2.3,2025-06-29 09:24:21
TXN0001071,0.075,0,,fraud-model-v2.3,2025-06-24 12:07:19
TXN0007912,0.088,0,,fraud-model-v2.3,2025-03-01 15:55:07
TXN0009986,0.025,0,,fraud-model-v2.3,2025-04-01 02:27:01
TXN0011653,0.255,0,,fraud-model-v2.3,2025-06-18 06:26:09
TXN0010116,0.103,0,,fraud-model-v2.3,2025-03-28 08:31:08
TXN0004840,0.095,0,,fraud-model-v2.3,2025-04-27 06:26:19
TXN0002303,0.146,0,,fraud-model-v2.3,2025-05-28 22:58:43
TXN0011620,0.173,0,,fraud-model-v2.3,2025-03-29 09:00:28
TXN0011491,0.035,0,,fraud-model-v2.3,2025-01-30 02:24:22
